{
  "appName": "TVResident",
  "navigation": {
    "home": "Home",
    "highScores": "High Scores",
    "settings": "Settings",
    "profile_us":"Profile",
    "notification":"Notification",
    "more_app":"More"
  },
  "home": {
    "welcome": "Welcome to %{appName}!"
  },
  "results": {
    "title": "Results",
    "words_count": "Words count"
  },
  "high_scores": {
    "title": "High Scores"
  },
  "profiles": {
    "du_an": "Projects",
  },
  "settings": {
    "display_language": "Display language",
    "about": "About",
    "save_button": "Save",
    "name_placeholder": "Your name"
  },
  "language_list": {
    "change_language": "Change language?",
    "ok": "Change",
    "cancel": "Cancel"
  }
}
