{
  "appName": "TVResident",
  "navigation": {
    "home": "Trang chủ",
    "highScores": "Highscores",
    "settings": "Cài đặt",
    "profile_us":"Cá nhân",
    "notification":"Thông báo",
    "more_app":"Thêm"
  },
  "home": {
    "welcome": "Xin chào %{appName}!"
  },
  "results": {
    "title": "Ergebnisse",
    "words_count": "Wörter"
  },
  "high_scores": {
    "title": "Highscores"
  },
  "profiles": {
    "du_an": "Dự án",
  },
  "settings": {
    "display_language": "Ngôn ngữ",
    "about": "Liên hệ",
    "save_button": "Lưu",
    "name_placeholder": "Họ và tên"
  },
  "language_list": {
    "change_language": "Thay đổi ngôn ngữ?",
    "ok": "Đồng ý",
    "cancel": "Hủy"
  }
}
